Term	Overlap	P-value	Adjusted P-value	Old P-value	Old Adjusted P-value	Odds Ratio	Combined Score	Genes
ADIPOCYTOKINE SIGNALING PATHWAY	3/70	1.2632308430163755E-4	0.008211000479606441	0	0	35.65074626865672	320.0249050683625	LEPROT;ACSL5;PRKAB1
CIRCADIAN RHYTHM	2/34	0.0010313326933724038	0.03246484710627908	0	0	47.93269230769231	329.6284964283434	PRKAB1;SKP1
FERROPTOSIS	2/41	0.0014983775587513422	0.03246484710627908	0	0	39.315581854043394	255.68386928081546	ACSL5;SLC39A8
PATHWAYS IN CANCER	4/525	0.005828690676365668	0.09471622349094211	0	0	6.222328854766475	32.01365103256604	ABL1;CCDC6;CSF2RB;SKP1
AMPK SIGNALING PATHWAY	2/121	0.01238205798235824	0.1455230433071758	0	0	12.83322559793148	56.357197365057864	LEPROT;PRKAB1
FOXO SIGNALING PATHWAY	2/130	0.014190597951989141	0.1455230433071758	0	0	11.92548076923077	50.745015380526326	BCL6;PRKAB1
INSULIN SIGNALING PATHWAY	2/137	0.015671712356157393	0.1455230433071758	0	0	11.303133903133903	46.97467104492898	PRKAR2B;PRKAB1
NON-ALCOHOLIC FATTY LIVER DISEASE	2/154	0.019531461367116327	0.14625162700329256	0	0	10.030364372469636	39.476793033569784	LEPROT;PRKAB1
CELL CYCLE	2/157	0.02025022527737897	0.14625162700329256	0	0	9.834739454094294	38.351445340271816	ABL1;SKP1
JAK-STAT SIGNALING PATHWAY	2/167	0.02272525500683157	0.1472110610529786	0	0	9.234032634032634	34.944150404003544	LEPROT;CSF2RB
FATTY ACID BIOSYNTHESIS	1/18	0.0249126411012733	0.1472110610529786	0	0	43.474945533769066	160.52601632867996	ACSL5
TRANSCRIPTIONAL MISREGULATION IN CANCER	2/189	0.028584257807633368	0.15483139645801408	0	0	8.13862607980255	28.931994843757654	BCL6;PBX3
GLYCOSAMINOGLYCAN BIOSYNTHESIS - HEPARAN SULFATE / HEPARIN	1/24	0.03308307875727454	0.16541539378637268	0	0	32.12399355877617	109.50212795754759	HS2ST1
FOLATE TRANSPORT AND METABOLISM	1/29	0.039841313496312473	0.17590116519767957	0	0	26.38095238095238	85.02187553087816	ABCC4
THERMOGENESIS	2/229	0.0405925765840799	0.17590116519767957	0	0	6.690952219586581	21.438948854170143	ACSL5;PRKAB1
THYROID CANCER	1/36	0.04922636939208551	0.19849473605328663	0	0	21.097354497354498	63.53100866506492	CCDC6
FATTY ACID DEGRADATION	1/42	0.057200244751062834	0.19849473605328663	0	0	18.004516711833784	51.5144710341427	ACSL5
VARIOUS TYPES OF N-GLYCAN BIOSYNTHESIS	1/44	0.059843844058514964	0.19849473605328663	0	0	17.165374677002585	48.33798189695846	MGAT4B
ABC TRANSPORTERS	1/45	0.061162961873558554	0.19849473605328663	0	0	16.774410774410775	46.871284550836876	ABCC4
IGSF CAM SIGNALING	2/294	0.0633712900684087	0.19849473605328663	0	0	5.184404636459431	14.302447041140999	CDH2;ABL1
CYTOKINE-CYTOKINE RECEPTOR INTERACTION	2/296	0.06412906857106183	0.19849473605328663	0	0	5.148613291470435	14.142507188743801	LEPROT;CSF2RB
CHOLESTEROL METABOLISM	1/51	0.06904026952667622	0.2039826145106343	0	0	14.757037037037037	39.44652405205433	VAPA
N-GLYCAN BIOSYNTHESIS	1/55	0.07425635936300792	0.20985492863458763	0	0	13.661179698216735	35.52223465523525	MGAT4B
LONGEVITY REGULATING PATHWAY - MULTIPLE SPECIES	1/60	0.08073685115740073	0.21866230521796032	0	0	12.500313873195228	31.457791932058917	PRKAB1
RETINOL METABOLISM	1/66	0.08845570883663759	0.22219870698525693	0	0	11.343019943019943	27.509696745751697	ALDH1A1
VIRAL MYOCARDITIS	1/68	0.09101474458249931	0.22219870698525693	0	0	11.003316749585407	26.372020695020453	ABL1
CHRONIC MYELOID LEUKEMIA	1/76	0.10118178586647288	0.22219870698525693	0	0	9.82567901234568	22.509024314139115	ABL1
PPAR SIGNALING PATHWAY	1/76	0.10118178586647288	0.22219870698525693	0	0	9.82567901234568	22.509024314139115	ACSL5
POLYCOMB REPRESSIVE COMPLEX	1/82	0.10873501329274957	0.22219870698525693	0	0	9.095107453132144	20.180601202865116	SKP1
ERBB SIGNALING PATHWAY	1/83	0.10998791917333363	0.22219870698525693	0	0	8.983739837398375	19.830570269385028	ABL1
PEROXISOME	1/83	0.10998791917333363	0.22219870698525693	0	0	8.983739837398375	19.830570269385028	ACSL5
ARRHYTHMOGENIC RIGHT VENTRICULAR CARDIOMYOPATHY	1/86	0.11373645491494558	0.22219870698525693	0	0	8.665359477124182	18.837376322734553	CDH2
LONGEVITY REGULATING PATHWAY	1/87	0.11498258023764951	0.22219870698525693	0	0	8.564168819982774	18.524079955630327	PRKAB1
BILE SECRETION	1/88	0.116227015961519	0.22219870698525693	0	0	8.465304384844615	18.219112464159224	ABCC4
HYPERTROPHIC CARDIOMYOPATHY	1/98	0.12857892868180207	0.23863594426044255	0	0	7.588774341351661	15.566187515435866	PRKAB1
GLUCAGON SIGNALING PATHWAY	1/104	0.1359099924104689	0.23863594426044255	0	0	7.144552319309601	14.258829118460973	PRKAB1
INSULIN RESISTANCE	1/107	0.13955318655095014	0.23863594426044255	0	0	6.941299790356394	13.669567513890305	PRKAB1
TGF-BETA SIGNALING PATHWAY	1/109	0.14197374896630743	0.23863594426044255	0	0	6.812071330589849	13.297933715993697	SKP1
HIF-1 SIGNALING PATHWAY	1/110	0.14318156655626552	0.23863594426044255	0	0	6.749235474006116	13.118095901226413	TIMP1
NEUROTROPHIN SIGNALING PATHWAY	1/119	0.15397840093712545	0.2502149015228289	0	0	6.231638418079096	11.659039903311758	ABL1
OOCYTE MEIOSIS	1/136	0.17401555807644958	0.26141212145729054	0	0	5.442249657064472	9.51637527237676	SKP1
APOPTOSIS	1/136	0.17401555807644958	0.26141212145729054	0	0	5.442249657064472	9.51637527237676	CSF2RB
APELIN SIGNALING PATHWAY	1/138	0.17634256298463047	0.26141212145729054	0	0	5.362260070289268	9.305273582235055	PRKAB1
ALCOHOLIC LIVER DISEASE	1/140	0.17866324561519853	0.26141212145729054	0	0	5.284572342126299	9.101368215344134	PRKAB1
UBIQUITIN MEDIATED PROTEOLYSIS	1/142	0.180977622547355	0.26141212145729054	0	0	5.209088521145259	8.904321569442898	SKP1
OXYTOCIN SIGNALING PATHWAY	1/152	0.1924554976147864	0.27088197709877204	0	0	4.861662987490802	8.011487440375378	PRKAB1
CELL ADHESION MOLECULE (CAM) INTERACTION	1/155	0.19586850651757362	0.27088197709877204	0	0	4.766233766233766	7.770446817061417	CDH2
MICRORNAS IN CANCER	1/160	0.20152596685568627	0.2725381125282312	0	0	4.615187514558584	7.392778298725765	ABL1
TIGHT JUNCTION	1/169	0.21161281847829336	0.2725381125282312	0	0	4.365961199294532	6.780324653409069	PRKAB1
WNT SIGNALING PATHWAY	1/170	0.21272596505799363	0.2725381125282312	0	0	4.339907955292571	6.717094667010364	SKP1
PROTEIN PROCESSING IN ENDOPLASMIC RETICULUM	1/171	0.2138375959836891	0.2725381125282312	0	0	4.314161220043573	6.654759558573408	SKP1
AXON GUIDANCE	1/178	0.22157674161910831	0.27697092702388537	0	0	4.142079933040385	6.242057655476702	ABL1
CHEMICAL CARCINOGENESIS - RECEPTOR ACTIVATION	1/195	0.2400671796532834	0.29284417035290955	0	0	3.775868652157312	5.387547135027384	BCL6
PATHOGENIC ESCHERICHIA COLI INFECTION	1/198	0.24328592613934025	0.29284417035290955	0	0	3.7178040985147582	5.255182554848429	ABL1
HUMAN IMMUNODEFICIENCY VIRUS 1 INFECTION	1/210	0.25602994516831923	0.30098012316783	0	0	3.5022151337940812	4.771631071215738	SKP1
HORMONE SIGNALING	1/218	0.264410709461133	0.30098012316783	0	0	3.3717357910906296	4.485257156967689	LEPROT
CHEMICAL CARCINOGENESIS - REACTIVE OXYGEN SPECIES	1/222	0.26856687913437144	0.30098012316783	0	0	3.310038545332663	4.351559755719578	ABL1
CAMP SIGNALING PATHWAY	1/222	0.26856687913437144	0.30098012316783	0	0	3.310038545332663	4.351559755719578	ABCC4
RAS SIGNALING PATHWAY	1/231	0.27783563232100467	0.30609010340449666	0	0	3.1790660225442835	4.071511209892842	ABL1
SHIGELLOSIS	1/242	0.28901036418856174	0.30931109671575663	0	0	3.032272936837252	3.76393834965397	SKP1
SALMONELLA INFECTION	1/244	0.29102413857827525	0.30931109671575663	0	0	3.00701112635269	3.711701371686809	SKP1
ENDOCYTOSIS	1/248	0.2950351999442602	0.30931109671575663	0	0	2.957714799820063	3.6103659455894803	EPS15
PARKINSON DISEASE	1/263	0.3098826884130101	0.3197202340769152	0	0	2.786259541984733	3.264274345978371	SLC39A8
NEUROACTIVE LIGAND-RECEPTOR INTERACTION	1/366	0.40399016018559997	0.41030250643849997	0	0	1.9895484525621512	1.8032566003308217	LEPROT
ALZHEIMER DISEASE	1/379	0.4149489932017919	0.4149489932017919	0	0	1.9198510679992162	1.6887003740258644	SLC39A8
