ID,Gene.symbol,adj.P.Val,logFC
210406_s_at,WTH3DI///RAB6C///RAB6A,1.46e-06,0.548
203284_s_at,HS2ST1,1.46e-06,0.739
202123_s_at,ABL1,1.46e-06,0.691
203140_at,BCL6,1.46e-06,-0.75
201666_at,TIMP1,1.46e-06,0.849
214697_s_at,PTBP3,1.46e-06,0.964
201829_at,NET1,4.32e-06,1.394
220189_s_at,MGAT4B,4.5e-06,0.926
210978_s_at,TAGLN2,6.13e-06,1.257
212224_at,ALDH1A1,7.28e-06,1.757
218322_s_at,ACSL5,7.28e-06,0.593
207974_s_at,SKP1,7.51e-06,0.562
203680_at,PRKAR2B,7.58e-06,1.466
209894_at,LEPROT///LEPR,7.58e-06,1.995
203196_at,ABCC4,8.2e-06,1.198
209267_s_at,SLC39A8,8.2e-06,0.811
212586_at,CAST,8.82e-06,0.96
204082_at,PBX3,8.82e-06,0.851
203440_at,CDH2,8.82e-06,-0.473
204959_at,MNDA,8.82e-06,-1.318
208780_x_at,VAPA,1.004e-05,0.748
204716_at,CCDC6,1.004e-05,0.64
201835_s_at,PRKAB1,1.207e-05,0.697
217887_s_at,EPS15,1.538e-05,0.68
205159_at,CSF2RB,1.538e-05,1.245
