geo_accession,sample_title,group,source
GSM129002,Normal-BM 1,Normal,bone marrow CD34+ cells (healthy donor)
GSM129050,Normal-BM 2,Normal,bone marrow CD34+ cells (healthy donor)
GSM129051,Normal-BM 3,Normal,bone marrow CD34+ cells (healthy donor)
GSM129054,Normal-BM 4,Normal,bone marrow CD34+ cells (healthy donor)
GSM129055,Normal-BM 5,Normal,bone marrow CD34+ cells (healthy donor)
GSM129056,Normal-BM 6,Normal,bone marrow CD34+ cells (healthy donor)
GSM129057,Normal-BM 7,Normal,bone marrow CD34+ cells (healthy donor)
GSM129058,Normal-BM 8,Normal,bone marrow CD34+ cells (healthy donor)
GSM129059,CML-BM 1,CML,bone marrow CD34+ cells (untreated chronic-phase CML)
GSM129060,CML-BM 2,CML,bone marrow CD34+ cells (untreated chronic-phase CML)
GSM129061,CML-BM 3,CML,bone marrow CD34+ cells (untreated chronic-phase CML)
GSM129062,CML-BM 4,CML,bone marrow CD34+ cells (untreated chronic-phase CML)
GSM129063,CML-BM 5,CML,bone marrow CD34+ cells (untreated chronic-phase CML)
GSM129064,CML-BM 6,CML,bone marrow CD34+ cells (untreated chronic-phase CML)
GSM129065,CML-BM 7,CML,bone marrow CD34+ cells (untreated chronic-phase CML)
GSM129066,CML-BM 8,CML,bone marrow CD34+ cells (untreated chronic-phase CML)
GSM129067,CML-BM 9,CML,bone marrow CD34+ cells (untreated chronic-phase CML)
